{"cameraMode":{"drawMode":0,"name":"Shaded","section":"Shading Mode"},"sceneLighting":true,"audioPlay":false,"sceneViewState":{"m_AlwaysRefresh":false,"showFog":true,"showSkybox":true,"showFlares":true,"showImageEffects":true,"showParticleSystems":true,"showVisualEffectGraphs":true,"m_FxEnabled":true},"in2DMode":false,"pivot":{"x":-1.9061944484710694,"y":2.200968027114868,"z":-2.9920551776885988},"rotation":{"x":-0.05163121595978737,"y":-0.20758751034736634,"z":0.01097877323627472,"w":-0.9768053889274597},"size":2.039097309112549,"orthographic":false}